User ID, First Name, Last Name, Middle Name, Father's/Husband's First Name, Father's/Husband's  Middle Name, Father's/Husband's Last Name, Experience, Source, Primary Email Address, Secondary Email Address, Primary Phone, Secondary Phone, Age, Gender, Date Of Birth, Current Address, Permanant Address, Aadhar No, Passport No, Passport Valid Date, Passport Issue Place, Designation, Net CTC, Gross CTC, Date Of Joining, Comments, Status, date
"1","roshani","bhojane","","","","","1","","rbhojane@digitalzonein.com","","","","","","0000-00-00","","","","","0000-00-00","","PHP developer","0","0","2019-09-12","","0",2019-09-05 23:11:28
"2","Shital","Kothawale","","","","","0","","skothawale@digitalzonein.com","","","","","","0000-00-00","","","","","0000-00-00","","PHP developer","0","0","2019-09-12","","",2019-08-28 00:00:00
"3","Roshani","Bhojane","","","","","2","","rbhojane@digitalzonein.com","","9130890098","","25","female","2019-08-01","Keshav Nagar Pune","","","","0000-00-00","","PHP developer","0","0","2019-09-12","1st round completed","1",2019-09-05 23:16:06
"4","Roshani","Bhojane","Subhash","","","","2","","rbhojane@digitalzonein.com","roshu17.bhojane@gmail.com","9130890098","9561559337","25","female","1993-10-05","Keshav Nagar Pune","Amravati","","","0000-00-00","","PHP developer","0","0","2019-09-12","Hired","0",2019-09-06 16:47:44
"5","Shital","Kothawale","Shankaer","","","","1","Job Portal","shitalkothawale111@gmail.com","","7420033777","","24","female","1994-11-12","B-1003, Sonchafa Ivy estate road, Wagholi","B-1003, Sonchafa Ivy estate road, Wagholi","","","0000-00-00","","PHP developer","0","0","2019-09-06","Hired","2",2019-09-06 22:02:36
"7","usertest","lastuser","usermiddle","","","","0","Job Portal","usertest@gmail.com","usertest@gmail.com","7420033777","7420033777","34","male","2019-08-06","Amonora mall, Hadapsar, Pune","Amonora mall, Hadapsar, Pune","","","0000-00-00","","SEO","0","0","2019-09-12","good to go","2",0000-00-00 00:00:00
"8","test2222","test222","","","","","2","Job Portal","rfvhjdfh@gmai.com","","989775565165","","25","female","2019-08-07","hregfjehgf","","","","0000-00-00","","SEO","0","0","2019-09-13","1st round completed","1",0000-00-00 00:00:00
"9","1111","11111","","","","","2","Job Portal","roshu17.bhojane@gmail.com","","9130890098","","","male","2019-09-27","test","","","","0000-00-00","","PHP developer","0","0","2019-09-14","test","0",2019-09-05 23:16:49
"10","shital HR","Kothawale","","","","","2","Job Portal","skothawale@digitalzonein.com","","","","","","0000-00-00","","","","","0000-00-00","","PHP developer","0","0","2019-09-15","","0",2019-09-06 16:19:05
"15","wrwewewew","wewewewe","wewewew","wewe","wewe","wewewew","2","Direct walk in","wewewewe@gmail.com","wewewewe@digitalzonein.com","9130890098","9561559337","28","male","1991-03-11","wewewe","wewewewe","78537857865786","562121","2019-09-02","Amravati","Content Writer","400000","300000","2019-09-11","wewewewe","2",2019-09-09 16:49:35
