User ID, First Name, Last Name, Middle Name, Father's/Husband's First Name, Father's/Husband's  Middle Name, Father's/Husband's Last Name, Experience, Source, Primary Email Address, Secondary Email Address, Primary Phone, Secondary Phone, Age, Gender, Date Of Birth, Current Address, Permanant Address, Aadhar No, Passport No, Passport Valid Date, Passport Issue Place, Designation, Net CTC, Gross CTC, Date Of Joining, Comments, Status, date
"3", "Roshani", "Bhojane", "", "", "", "", "2", "", "rbhojane@digitalzonein.com", "", "9130890098", "", "25", "female","2019-08-01", "female", "female", "", "", "0000-00-00","", "PHP developer", "0", "0", "2019-09-12", "1st round completed", "1", "2019-09-05 23:16:06
"4", "Roshani", "Bhojane", "Subhash", "", "", "", "2", "", "rbhojane@digitalzonein.com", "roshu17.bhojane@gmail.com", "9130890098", "9561559337", "25", "female","1993-10-05", "female", "female", "", "", "0000-00-00","", "PHP developer", "0", "0", "2019-09-12", "Hired", "0", "2019-09-06 16:47:44
"5", "Shital", "Kothawale", "Shankaer", "", "", "", "1", "Job Portal", "shitalkothawale111@gmail.com", "", "7420033777", "", "24", "female","1994-11-12", "female", "female", "", "", "0000-00-00","", "PHP developer", "0", "0", "2019-09-06", "Hired", "2", "2019-09-06 22:02:36
"8", "test2222", "test222", "", "", "", "", "2", "Job Portal", "rfvhjdfh@gmai.com", "", "989775565165", "", "25", "female","2019-08-07", "female", "female", "", "", "0000-00-00","", "SEO", "0", "0", "2019-09-13", "1st round completed", "1", "0000-00-00 00:00:00
